{"box1":{"top":48.993756103515636,"left":25.98750000000001,"width":548.587,"height":307.538},"box2":{"top":374.9999969482422,"left":25.98750000000001,"width":548.587,"height":307.538},"box3":{"top":700.9875457763671,"left":25.98750000000001,"width":548.587,"height":307.538},"box4":{"top":1026.9937713623046,"left":25.98750000000001,"width":548.587,"height":307.538}}