{"box1":{"top":48.99148273046876,"left":25.994305606445323,"width":547.3576400000001,"height":306.29263999999995},"box2":{"top":374.9999666171875,"left":25.994305606445323,"width":547.3576400000001,"height":306.29263999999995},"box3":{"top":700.9942903476563,"left":25.994305606445323,"width":547.3576400000001,"height":306.29263999999995},"box4":{"top":1026.988614078125,"left":25.994305606445323,"width":547.3576400000001,"height":306.29263999999995}}